question_type,position,question,reponse,score,profile_type,commentaire-questions,commentaire-reponses,ordre
screening,1,Connaissez-vous l'intelligence artificielle ?,"Oui, je suis un expert en IA, avec une profonde connaissance des dernières recherches et des applications pratiques dans divers secteurs",4,Machine Learning Engineer,,,
screening,1,Connaissez-vous l'intelligence artificielle ?,"Oui, j'ai une solide compréhension théorique et pratique de l'IA, avec une expérience dans l'application de ces technologies dans des projets réels",3,Machine Learning Engineer,,,
screening,1,Connaissez-vous l'intelligence artificielle ?,"Oui, j'ai une connaissance de base des concepts d'IA et de machine learning, principalement acquise à travers des lectures en ligne.",2,Machine Learning Engineer,,,
screening,1,Connaissez-vous l'intelligence artificielle ?,"Non, je ne m'y connais absolument pas",1,Machine Learning Engineer,,,
screening,2,Quels types d'algorithme savez-vous construire ?,"Je peux concevoir et entraîner des modèles de deep learning complexes, comme les CNN et les RNN, pour des tâches spécifiques",4,Machine Learning Engineer,,,
screening,2,Quels types d'algorithme savez-vous construire ?,"Je peux mettre en œuvre des algorithmes simple comme ceux de classification et de régression simples, tels que la régression linéaire et K-NN ou autres petits algorithmes",3,Machine Learning Engineer,,,
screening,2,Quels types d'algorithme savez-vous construire ?,"Je maîtrise la mise en œuvre d'algorithmes avancés, y compris les SVM et les réseaux neuronaux",2,Machine Learning Engineer,,,
screening,2,Quels types d'algorithme savez-vous construire ?,Non je sais pas construire d'algorithme,1,Machine Learning Engineer,,,
expertise,1,Savez-vous programmer des modèles d'IA  ?,"Oui, je suis expert en programmation de modèles d'IA, capable d'optimiser et de personnaliser des architectures de modèles pour des performances maximales selon plusieurs languages",4,Machine Learning Engineer,,,
expertise,1,Savez-vous programmer des modèles d'IA  ?,"Oui, je peux programmer des modèles complexes en utilisant des frameworks avancés comme TensorFlow et/ou PyTorch",3,Machine Learning Engineer,,,
expertise,1,Savez-vous programmer des modèles d'IA  ?,"Oui, je connais les bases de la programmation en Python et/ou R pour le machine learning",2,Machine Learning Engineer,,,
expertise,1,Savez-vous programmer des modèles d'IA  ?,Je ne sais pas construire d'algorithme,1,Machine Learning Engineer,,,
expertise,2,Savez-vous utiliser des bibliothèques telles que Keras et Theano pour manipuler des données de ML ?,"Oui, je suis un utilisateur avancé, capable de créer des architectures de modèles complexes et d'optimiser les performances. J'utilise aussi d'autres bibliothèques plus spécifiques pour certaines tâches",4,Machine Learning Engineer,,,
expertise,2,Savez-vous utiliser des bibliothèques telles que Keras et Theano pour manipuler des données de ML ?,"Je maîtrise et j'ai une bonne compréhensions de ces bibliothèques, voire d'autres bibliothèques",3,Machine Learning Engineer,,,
expertise,2,Savez-vous utiliser des bibliothèques telles que Keras et Theano pour manipuler des données de ML ?,"Oui, j'ai une expérience de base pour la construction de réseaux neuronaux simples",2,Machine Learning Engineer,,,
expertise,2,Savez-vous utiliser des bibliothèques telles que Keras et Theano pour manipuler des données de ML ?,"Non, je ne sais pas manipuler des données de ML",1,Machine Learning Engineer,,,
mastery,1,"Êtes-vous familiarisé avec l'utilisation de feature stores pour améliorer l'efficacité des processus de ML ?
","Oui, j'ai une expertise approfondie dans l'utilisation et l'implémentation de feature stores complexes pour des entreprises, améliorant significativement l'efficacité et la réutilisation dans les processus de ML",4,Machine Learning Engineer,,,
mastery,1,Êtes-vous familiarisé avec l'utilisation de feature stores pour améliorer l'efficacité des processus de ML ?,Je suis assez à l'aise avec les feature stores; j'ai mis en place des feature stores en utilisant des outils populaires comme Feast dans des environnements de développement ainsi que d'autres,3,Machine Learning Engineer,,,
mastery,1,Êtes-vous familiarisé avec l'utilisation de feature stores pour améliorer l'efficacité des processus de ML ?,"Oui, j'ai une compréhension basique des feature stores et j'ai utilisé des solutions simples comme Featuretools pour des projets personnels ainsi que d'autres",2,Machine Learning Engineer,,,
mastery,1,Êtes-vous familiarisé avec l'utilisation de feature stores pour améliorer l'efficacité des processus de ML ?,Je ne sais pas à l'aise avec les feature stores,1,Machine Learning Engineer,,,
mastery,2,Savez-vous orchestrer des pipelines de données pour l'extraction de caractéristiques et le ré-entraînement de modèles ?,"Oui, j'ai une expertise avancée dans l'orchestration de pipelines de données complexes pour des environnements de production à grande échelle, en utilisant des technologies comme Kubeflow ainsi que d'autres pour gérer efficacement l'extraction de caractéristiques et le ré-entraînement automatique des modèles",4,Machine Learning Engineer,,,
mastery,2,Savez-vous orchestrer des pipelines de données pour l'extraction de caractéristiques et le ré-entraînement de modèles ?,"Je suis compétent dans l'orchestration de pipelines de données, ayant utilisé Apache Airflow pour automatiser l'extraction de caractéristiques et le ré-entraînement de modèles sur des projets de taille moyenne",3,Machine Learning Engineer,,,
mastery,2,Savez-vous orchestrer des pipelines de données pour l'extraction de caractéristiques et le ré-entraînement de modèles ?,"J'ai une expérience limitée dans l'orchestration de pipelines de données, principalement en utilisant des outils comme Apache NiFi ou d'autres pour des tâches simples d'extraction de caractéristiques",2,Machine Learning Engineer,,,
mastery,2,Savez-vous orchestrer des pipelines de données pour l'extraction de caractéristiques et le ré-entraînement de modèles ?,"Non, je ne sais pas faire de réentrainement",1,Machine Learning Engineer,,,
mastery,3,"Savez-vous intégrer et évaluer la performance de modèles ML au sein d'APIs, garantissant ainsi leur efficacité et de gérer efficacement les coûts liés à l'utilisation de modèles ?
","Oui, j'ai une expertise approfondie dans l'intégration de modèle de ML dans d'APIs, avec une forte attention portée à l'optimisation de la latence, à l'efficacité du modèle et à la gestion des coûts, en utilisant des techniques avancées pour le monitoring, l'évaluation, et l'ajustement des performances en temps réel.",4,Machine Learning Engineer,,,
mastery,3,"Savez-vous intégrer et évaluer la performance de modèles ML au sein d'APIs, garantissant ainsi leur efficacité et de gérer efficacement les coûts liés à l'utilisation de modèles ?
","Oui, j'ai une expérience basique avec l'intégration de modèles ML simples dans des APIs, mais je suis encore en train d'apprendre à optimiser la performance et les coûts.",3,Machine Learning Engineer,,,
mastery,3,"Savez-vous intégrer et évaluer la performance de modèles ML au sein d'APIs, garantissant ainsi leur efficacité et de gérer efficacement les coûts liés à l'utilisation de modèles ?
","Je suis assez compétent dans l'intégration de modèles ML dans des APIs et j'ai utilisé des outils de monitoring pour évaluer leur performance, tout en ayant une conscience des coûts associés.",2,Machine Learning Engineer,,,
mastery,3,"Savez-vous intégrer et évaluer la performance de modèles ML au sein d'APIs, garantissant ainsi leur efficacité et de gérer efficacement les coûts liés à l'utilisation de modèles ?
",Je ne sais pas faire ou je bidouille comme je peux,1,Machine Learning Engineer,,,
screening,1,Savez-vous interpréter des cartes et des données spatiales pour des projets environnementaux ou urbains ?,"Oui, je développe des applications pour la navigation précise basée sur la localisation",4,Geomaticien,,"Modif de la question :
Savez-vous interpréter des cartes et des données spatiales pour des projets environnementaux ou urbains dans le cadre d'une prise de décision ?

Développer une application pour la navigation n'est pas le plus pertinent.
Proposition ""Oui, je développe des applications web / interactives qui facilitent la mise à disposition de mes analyses spatiales""",
screening,1,Savez-vous interpréter des cartes et des données spatiales pour des projets environnementaux ou urbains ?,"Oui, j'analyse des tendances spatiales pour la prise de décision stratégique",3,Geomaticien,,,
screening,1,Savez-vous interpréter des cartes et des données spatiales pour des projets environnementaux ou urbains ?,"Oui, je peux cartographier et comprendre les caractéristiques de territoires",2,Geomaticien,,,
screening,1,Savez-vous interpréter des cartes et des données spatiales pour des projets environnementaux ou urbains ?,"Non, je ne sais pas faire",1,Geomaticien,,,
screening,2,Disposez-vous d'expérience avec des outils spécifiques pour la gestion et l'analyse de données spatiales ?,"Oui, j'utilise des logiciels de SIG pour des analyses spatiales avancées",4,Geomaticien,,,
screening,2,Disposez-vous d'expérience avec des outils spécifiques pour la gestion et l'analyse de données spatiales ?,"Oui, j'ai recours à des outils de CAO pour la cartographie et le design assisté par ordinateur",3,Geomaticien,,,
screening,2,Disposez-vous d'expérience avec des outils spécifiques pour la gestion et l'analyse de données spatiales ?,"Oui, j'emploie des plateformes de cartographie open source pour la visualisation de données",2,Geomaticien,,,
screening,2,Disposez-vous d'expérience avec des outils spécifiques pour la gestion et l'analyse de données spatiales ?,Non jamais utilisé ce type d'outil,1,Geomaticien,,,
screening,1,Avez vous déjà eu ou seriez-vous en mesure de supporter la responsabilité d’un projet data mené par une équipe ?,"Oui, absolument. J'ai déjà eu l'opportunité de diriger plusieurs projets d'équipe et j'en ai supporté la responsabilité",4,Chef de Projet Data,,,
screening,1,Avez vous déjà eu ou seriez-vous en mesure de supporter la responsabilité d’un projet data mené par une équipe ?,"Probablement, oui. Bien que mon expérience en tant que leader de projet soit limitée, j'ai participé à plusieurs projets  d'équipe où j'ai pris des rôles de responsabilité croissante.",3,Chef de Projet Data,,,
screening,1,Avez vous déjà eu ou seriez-vous en mesure de supporter la responsabilité d’un projet data mené par une équipe ?,"Peut-être, mais avec certaines réserves. Je n'ai pas beaucoup d'expérience directe dans la gestion de projets d'équipe mais je pense être capable de supporter certaines responsabilités",2,Chef de Projet Data,,,
screening,1,Avez vous déjà eu ou seriez-vous en mesure de supporter la responsabilité d’un projet data mené par une équipe ?,"Non, pas pour le moment. À ce stade de ma carrière, je ne me sens pas prêt à prendre la responsabilité d'un projet mené par une équipe.",1,Chef de Projet Data,,,
screening,2,Êtes-vous capable de comprendre et retranscrire une demande formulée par un professionnel autre que des métiers de la data ?,"Absolument. Au fil des années, j'ai acquis une expérience significative dans la collaboration avec des  professionnels issus de divers secteurs, ce qui m'a permis de développer  une forte capacité d'écoute et de compréhension",4,Chef de Projet Data,,,
screening,2,Êtes-vous capable de comprendre et retranscrire une demande formulée par un professionnel autre que des métiers de la data ?,Plutôt oui. J'ai travaillé sur plusieurs projets interdisciplinaires qui m'ont demandé de collaborer étroitement avec  des professionnels de différents milieux,3,Chef de Projet Data,,,
screening,2,Êtes-vous capable de comprendre et retranscrire une demande formulée par un professionnel autre que des métiers de la data ?,"Plutôt, les données à caractère personnel, si je ne me trompe pas, sont des informations qui peuvent être utilisées pour identifier une personne.",2,Chef de Projet Data,,,
screening,2,Êtes-vous capable de comprendre et retranscrire une demande formulée par un professionnel autre que des métiers de la data ?,"Non, Je suppose que cela se rapporte à des informations privées concernant une personne",1,Chef de Projet Data,,,
expertise,1,Êtes-vous capable de comprendre et retranscrire une demande formulée par un professionnel autre que des métiers de la data ?,"Absolument. Au fil des années, j'ai acquis une expérience significative dans la collaboration avec des professionnels issus de divers secteurs, ce qui m'a permis de développer  une forte capacité d'écoute et de compréhension",4,Chef de Projet Data,,,
expertise,1,Êtes-vous capable de comprendre et retranscrire une demande formulée par un professionnel autre que des métiers de la data ?,Plutôt oui. J'ai travaillé sur plusieurs projets interdisciplinaires qui m'ont demandé de collaborer étroitement avec des professionnels de différents milieux,3,Chef de Projet Data,,,
expertise,1,Êtes-vous capable de comprendre et retranscrire une demande formulée par un professionnel autre que des métiers de la data ?,"Pas encore, ma capacité à comprendre et retranscrire des demandes formulées par des professionnels d'autres secteurs est en développement.",2,Chef de Projet Data,,,
expertise,1,Êtes-vous capable de comprendre et retranscrire une demande formulée par un professionnel autre que des métiers de la data ?,"Non, cela ne fait pas parti de mes compétences",1,Chef de Projet Data,,,
expertise,2,Avez-vous de bonnes capacités relationnelles avec différents types d'acteurs ?,"Absolument, j'ai toujours valorisé et cultivé d'excellentes relations avec différents acteurs, allant des collègues aux clients, en passant par les  partenaires et les fournisseurs",4,Chef de Projet Data,,,
expertise,2,Avez-vous de bonnes capacités relationnelles avec différents types d'acteurs ?,"Plutôt, je me considère compétent dans le développement et le maintien de relations positives avec une variété d'acteurs professionnels",3,Chef de Projet Data,,,
expertise,2,Avez-vous de bonnes capacités relationnelles avec différents types d'acteurs ?,"Moyennement, bien que je sois à l'aise dans mes interactions avec la plupart des acteurs avec lesquels je travaille régulièrement, je reconnais qu'il y a  toujours de la place pour l'amélioration",2,Chef de Projet Data,,,
expertise,2,Avez-vous de bonnes capacités relationnelles avec différents types d'acteurs ?,"Non, pas vraiment. Actuellement, développer et maintenir des relations avec différents types  d'acteurs est quelque chose que je trouve difficile. Je suis souvent  incertain de la meilleure façon d'approcher les interactions",1,Chef de Projet Data,,,
expertise,3,Êtes-vous en mesure de comprendre les langages de programmation Python et SQL ?,"Tout à fait, je maitrise ces langages et suis en mesure de les utiliser",4,Chef de Projet Data,,,
expertise,3,Êtes-vous en mesure de comprendre les langages de programmation Python et SQL ?,"Oui, j'ai une bonne compréhension de ces langages de programmation",3,Chef de Projet Data,,,
expertise,3,Êtes-vous en mesure de comprendre les langages de programmation Python et SQL ?,"Moyennement, ma connaissance de Python et de SQL est actuellement basique",2,Chef de Projet Data,,,
expertise,3,Êtes-vous en mesure de comprendre les langages de programmation Python et SQL ?,"Non, a ce stade, ma compréhension de Python et SQL est très limitée",1,Chef de Projet Data,,,
mastery,1,Avez-vous des capacités de compréhension du RGPD et de droit de la propriété intellectuelle ?,"Oui, au travers de mes formations et de mon expérience je possède une compréhension approfondie des diverses législations",4,Chef de Projet Data,,,
mastery,1,Avez-vous des capacités de compréhension du RGPD et de droit de la propriété intellectuelle ?,"Plutôt, je possède une formation et me suis informé sur ces thématiques",3,Chef de Projet Data,,,
mastery,1,Avez-vous des capacités de compréhension du RGPD et de droit de la propriété intellectuelle ?,"Moyennement, ma compréhension du RGPD et du droit de la propriété intellectuelle est basique et provient principalement d'une autoformation et de quelques expériences pratiques.",2,Chef de Projet Data,,,
mastery,1,Avez-vous des capacités de compréhension du RGPD et de droit de la propriété intellectuelle ?,"Non. Actuellement, ma connaissance du RGPD et du droit de la propriété intellectuelle est limitée",1,Chef de Projet Data,,,
mastery,2,Êtes-vous en mesure de vous former continuellement pour maitriser les nouveautés autour de la donnée ?,"Absolument, je suis engagé dans l'apprentissage continu. La maîtrise des nouveautés dans le domaine de la donnée est très important pour moi.",4,Chef de Projet Data,,,
mastery,2,Êtes-vous en mesure de vous former continuellement pour maitriser les nouveautés autour de la donnée ?,"Oui, je me forme et m'informe plutôt régulièrement sur les nouveautés",3,Chef de Projet Data,,,
mastery,2,Êtes-vous en mesure de vous former continuellement pour maitriser les nouveautés autour de la donnée ?,"Pas vraiment, je comprends l'importance de l'apprentissage continu mais je possède des difficultés à rester informer",2,Chef de Projet Data,,,
mastery,2,Êtes-vous en mesure de vous former continuellement pour maitriser les nouveautés autour de la donnée ?,"Non. Actuellement, je trouve difficile de suivre le rythme des innovations constantes dans le domaine de la donnée.",1,Chef de Projet Data,,,
mastery,3,Savez-vous utiliser les outils de visualisation de données ?,"Absolument. Je maîtrise une variété d'outils de visualisation de données, tels que Tableau, Power BI, et des bibliothèques Python",4,Chef de Projet Data,,,
mastery,3,Savez-vous utiliser les outils de visualisation de données ?,"Plutôt, j'ai déjà utilisé certains outils qui m'ont permis d'acquérir des compétences de visualisation de données",3,Chef de Projet Data,,,
mastery,3,Savez-vous utiliser les outils de visualisation de données ?,Je suis encore en apprentissage. Ma connaissance des outils de visualisation de données est encore en développement. J'ai une compréhension de base de certains outils  populaires,2,Chef de Projet Data,,,
mastery,3,Savez-vous utiliser les outils de visualisation de données ?,"Non, je n'ai pas eu l'occasion d'utiliser de tels outils",1,Chef de Projet Data,,,
screening,1,Savez vous mettre en place des processus qui visent à garantir la qualité des données ?,"Je suis expérimenté.e dans la conception et la mise en œuvre de processus robustes pour garantir la qualité des données tout au long de leur cycle de vie, en utilisant des techniques avancées telles que la gouvernance des données et la gestion des métadonnées.",4,Data Engineer,,,
screening,1,Savez vous mettre en place des processus qui visent à garantir la qualité des données ?,"Je suis capable de déployer des processus pour garantir la qualité des données en utilisant des outils et des techniques spécifiques, comme la validation des données, la déduplication et la surveillance continue.",3,Data Engineer,,,
screening,1,Savez vous mettre en place des processus qui visent à garantir la qualité des données ?,"Je connais les bases, mais je ne suis pas sûr.e de savoir comment mettre en place des processus pour garantir la qualité des données.",2,Data Engineer,,,
screening,1,Savez vous mettre en place des processus qui visent à garantir la qualité des données ?,"Absolument pas, je ne suis pas familiarisé avec la mise en place de processus de qualité des données.",1,Data Engineer,,,
screening,2,Comment évalueriez-vous votre capacité à mettre en place ces processus de mise en qualité via la programmation ?,"Je suis très à l’aise et je mets en place quotidiennement des processus de mise en qualité via un langage de programmation. J'ai une solide expérience dans le développement de scripts et de pipelines automatisés pour traiter les données, ce qui me permet de garantir la qualité et la fiabilité des données à chaque étape.",4,Data Engineer,,,
screening,2,Comment évalueriez-vous votre capacité à mettre en place ces processus de mise en qualité via la programmation ?,Je dispose de bonnes compétences en programmation et je suis confiant dans ma capacité à mettre en place des processus de mise en qualité des données.,3,Data Engineer,,,
screening,2,Comment évalueriez-vous votre capacité à mettre en place ces processus de mise en qualité via la programmation ?,"J'ai quelques bases sur ces processus de mise en qualité, mais je ne suis pas capable de les construire.",2,Data Engineer,,,
screening,2,Comment évalueriez-vous votre capacité à mettre en place ces processus de mise en qualité via la programmation ?,Je suis encore en mode apprentissage sur ces questions.,1,Data Engineer,,,
expertise,1,Que savez-vous sur les bases de données ?,"Je maîtrise plusieurs bases de données, y compris leur conception, leur mise en oeuvre et leur optimisation, et je suis familier.ère avec des technologies telles que MySQL, PostgreSQL, MongoDB, etc.",4,Data Engineer,,,
expertise,1,Que savez-vous sur les bases de données ?,Je connais bien les principes fondamentaux des bases de données et je suis capable de concevoir des schémas de base de données efficaces.,3,Data Engineer,,,
expertise,1,Que savez-vous sur les bases de données ?,"J'ai déjà travaillé avec des bases de données relationnelles et non relationnelles, et je suis capable d'écrire des requêtes SQL complexes.",2,Data Engineer,,,
expertise,1,Que savez-vous sur les bases de données ?,"Ça me dit vaguement quelque chose, mais je n'ai pas une compréhension approfondie.",1,Data Engineer,,,
expertise,2,Savez-vous transformer et préparer un jeu de données ?,"Je suis capable de manipuler des données pour les adapter aux besoins spécifiques de différents projets, en utilisant des méthodes de nettoyage, de transformation et de normalisation, ainsi que des langages comme SQL, Python ou R.",4,Data Engineer,,,
expertise,2,Savez-vous transformer et préparer un jeu de données ?,"Je suis capable de nettoyer, transformer et préparer efficacement des jeux de données de grande taille pour une analyse ultérieure, en utilisant des outils et techniques tels que Pandas, Spark, ou des scripts Python/R",3,Data Engineer,,,
expertise,2,Savez-vous transformer et préparer un jeu de données ?,"Je sais que c'est quelque chose en rapport avec le traitement des données, mais je ne sais pas plus.",2,Data Engineer,,,
expertise,2,Savez-vous transformer et préparer un jeu de données ?,Je n'ai aucune idée de comment transformer ou préparer un jeu de données.,1,Data Engineer,,,
expertise,3,Avez-vous déjà travaillé avec des bases de données relationnelles (SQL) ou des bases de données NoSQL dans le cadre de l'établissement de processus visant à garantir la qualité des données ?,"Je suis expérimenté.e dans la conception, le développement et la gestion de bases de données relationnelles et NoSQL. J'ai travaillé sur des projets variés impliquant la modélisation des données, l'optimisation des requêtes et la mise en oeuvre de solutions de haute disponibilité.",4,Data Engineer,,,
expertise,3,Avez-vous déjà travaillé avec des bases de données relationnelles (SQL) ou des bases de données NoSQL dans le cadre de l'établissement de processus visant à garantir la qualité des données ?,"J'ai une expérience pratique avec les bases de données relationnelles, notamment en SQL, et j'ai également travaillé avec des bases de données NoSQL dans le cadre de projets antérieurs.",3,Data Engineer,,,
expertise,3,Avez-vous déjà travaillé avec des bases de données relationnelles (SQL) ou des bases de données NoSQL dans le cadre de l'établissement de processus visant à garantir la qualité des données ?,"J'ai des connaissances de base, mais je n'ai pas d'expérience pratique avec les bases de données relationnelles ou NoSQL.",2,Data Engineer,,,
expertise,3,Avez-vous déjà travaillé avec des bases de données relationnelles (SQL) ou des bases de données NoSQL dans le cadre de l'établissement de processus visant à garantir la qualité des données ?,"Absolument pas, je ne suis pas familiarisé avec la mise en place de processus de qualité des données.",1,Data Engineer,,,
mastery,1,Êtes-vous capables d’utiliser et de créer des ETL pour intégrer des données dans un datalake?,"Je suis expérimenté dans la conception et la mise en œuvre d'ETL pour intégrer efficacement des données dans un datalake, en utilisant des outils tels que Apache Spark, Apache Airflow ou Talend.",4,Data Engineer,,,
mastery,1,Êtes-vous capables d’utiliser et de créer des ETL pour intégrer des données dans un datalake?,J'ai une expérience pratique avec la création et l'utilisation d'ETL pour intégrer des données dans des environnements de datalake. J'ai travaillé sur plusieurs projets où j'ai conçu et implémenté des pipelines ETL pour traiter et charger des données à grande échelle.,3,Data Engineer,,,
mastery,1,Êtes-vous capables d’utiliser et de créer des ETL pour intégrer des données dans un datalake?,"Je suis familier avec les concepts des ETL et j'ai une certaine expérience dans leur utilisation pour intégrer des données dans un datalake, bien que je puisse encore avoir besoin de développer mes compétences dans ce domaine.",2,Data Engineer,,,
mastery,1,Êtes-vous capables d’utiliser et de créer des ETL pour intégrer des données dans un datalake?,Je n'ai aucune expérience dans l'utilisation ou la création d'ETL pour intégrer des données dans un datalake.,1,Data Engineer,,,
mastery,2,"Êtes-vous familier avec les outils suivants : FastAPI, Spring Boot, Flask et Node.js, dans le contexte de la garantie de qualité des données ?","J'ai une bonne expérience avec Spring Boot et NodeJS, et j'ai utilisé Flask dans quelques projets. FastAPI est un outil que je connais de nom, mais je n'ai pas eu l'occasion de l'utiliser directement.",4,Data Engineer,,,
mastery,2,"Êtes-vous familier avec les outils suivants : FastAPI, Spring Boot, Flask et Node.js, dans le contexte de la garantie de qualité des données ?","Je maîtrise Flask et j'ai une certaine expérience avec FastAPI. Bien que je n'aie pas travaillé directement avec Spring Boot et NodeJS, je suis familier avec leurs concepts.",3,Data Engineer,,,
mastery,2,"Êtes-vous familier avec les outils suivants : FastAPI, Spring Boot, Flask et Node.js, dans le contexte de la garantie de qualité des données ?","Je suis familier avec Flask et Spring Boot, mais je n'ai pas encore travaillé avec FastAPI et NodeJS.",2,Data Engineer,,,
mastery,2,"Êtes-vous familier avec les outils suivants : FastAPI, Spring Boot, Flask et Node.js, dans le contexte de la garantie de qualité des données ?","Je n'ai pas d'expérience pratique avec FastAPI, Spring Boot, Flask ou NodeJS.",1,Data Engineer,,,
mastery,3,"Selon-vous, quelle est l'importance de la CI/CD et de Docker dans le domaine du data engineering ?","La CI/CD est essentielle pour automatiser le processus de développement, de test et de déploiement des pipelines de données, assurant ainsi une livraison rapide et fiable des applications. Docker permet de créer des conteneurs légers et portables, facilitant le déploiement et la gestion des environnements de développement et de production.",4,Data Engineer,,,
mastery,3,"Selon-vous, quelle est l'importance de la CI/CD et de Docker dans le domaine du data engineering ?","La CI/CD et Docker sont des outils populaires mais facultatifs dans le domaine du data engineering. Bien qu'ils offrent des avantages en termes d'automatisation et de gestion des environnements, leur mise en oeuvre n'est pas toujours nécessaire pour atteindre les objectifs de traitement et d'analyse.",3,Data Engineer,,,
mastery,3,"Selon-vous, quelle est l'importance de la CI/CD et de Docker dans le domaine du data engineering ?",La CI/CD et Docker sont des termes souvent mentionnés mais raresment utilisés dans la pratique du data engineering. Leur pertinence est limitée aux projets très complexes et n'est pas une priorité pour la plupart des équipes.,2,Data Engineer,,,
mastery,3,"Selon-vous, quelle est l'importance de la CI/CD et de Docker dans le domaine du data engineering ?",La CI/CD et Docker sont des concepts avancés qui ne sont pas directement applicables au data engineering.,1,Data Engineer,,,
mastery,4,Quelle est votre capacité à créer une API ?,"Je suis capable de créer des API en utilisant des frameworks comme Flask ou FastAPI en Python, ainsi que des outils comme Spring Boot en Java. J'ai déjà développé plusieurs API pour des applications internes et externes.",4,Data Engineer,,,
mastery,4,Quelle est votre capacité à créer une API ?,"J'ai une bonne compréhension des principes de base nécessaires pour créer une API, mais je n'ai pas encore eu beaucoup d'expérience pratique dans ce domaine.",3,Data Engineer,,,
mastery,4,Quelle est votre capacité à créer une API ?,"Je suis familier avec le concept d'API et j'ai une compréhension théorique de la façon dont elles fonctionnent, mais je n'ai pas encore eu l'occasion de créer une API par moi-même.",2,Data Engineer,,,
mastery,4,Quelle est votre capacité à créer une API ?,Je n'ai pas encore eu l'occasion de travailler avec la création d'API.,1,Data Engineer,,,
mastery,5,Savez-vous constituer un catalogue à partir de métadonnées ?,"Oui, je suis capable de constituer un catalogue à partir de métadonnées en utilisant des outils spécialisés tels que Apache Atlas, Collibra, ou encore en développant des solutions personnalisées en fonction des besoins spécifiques du projet.",4,Data Engineer,,,
mastery,5,Savez-vous constituer un catalogue à partir de métadonnées ?,"J'ai une compréhension solide du concept de métadonnées et de leur importance dans la gestion des données. Bien que je n'aie pas encore eu beaucoup d'expérience pratique dans la constitution de catalogues, je suis prêt à apprendre et à mettre en œuvre ces connaissances si nécessaire.",3,Data Engineer,,,
mastery,5,Savez-vous constituer un catalogue à partir de métadonnées ?,"Je connais les métadonnées et je comprends leur utilité dans la gestion des données, mais je n'ai pas encore eu l'occasion de constituer un catalogue à partir de métadonnées.",2,Data Engineer,,,
mastery,5,Savez-vous constituer un catalogue à partir de métadonnées ?,Je n'ai pas encore eu l'occasion de travailler sur la constitution d'un catalogue à partir de métadonnées.,1,Data Engineer,,,
screening,1,Avez-vous conscience qu'il existe une régulation autour de la donnée ? ,"Oui, je suis pleinement conscient de l'existence et de l'importance des régulations autour de la donnée, telles que le RGPD en Europe. Je connait aussi les obligations imposés et droits accordés aux individus.",4,Data Protection Officer,,,
screening,1,Avez-vous conscience qu'il existe une régulation autour de la donnée ? ,"Plutôt, j'ai une bonne connaissance des régulations autour de la donnée. Je connait l'existence des règlements et de leurs enjeux sans être au courant de leurs détails et nuances.",3,Data Protection Officer,,,
screening,1,Avez-vous conscience qu'il existe une régulation autour de la donnée ? ,"Moyennement, j'ai entendu parler de l'existence de régulations autour de la protection des données mais je n'en sait pas plus",2,Data Protection Officer,,,
screening,1,Avez-vous conscience qu'il existe une régulation autour de la donnée ? ,"Non, je ne suis pas vraiment au courant qu'il existe des régulations spécifiques",1,Data Protection Officer,,,
screening,2,Savez-vous définir une donnée à caractère personnel ?,"Absolument, les données à caractère personnel sont toutes informations se rapportant à une personne physique identifiée ou identifiable. Je comprends également que sous le RGPD, la protection de ces données est renforcée, requérant consentement explicite pour leur traitement et offrant aux individus des droits étendus sur leurs données.",4,Data Protection Officer,,,
screening,2,Savez-vous définir une donnée à caractère personnel ?,"Oui, je peux définir les données à caractère personnel comme étant toute information relative à une personne physique qui peut être identifiée, directement ou indirectement",3,Data Protection Officer,,,
screening,2,Savez-vous définir une donnée à caractère personnel ?,"Plutôt, les données à caractère personnel, si je ne me trompe pas, sont des informations qui peuvent être utilisées pour identifier une personne.",2,Data Protection Officer,,,
screening,2,Savez-vous définir une donnée à caractère personnel ?,"Non, Je suppose que cela se rapporte à des informations privées concernant une personne",1,Data Protection Officer,,,
expertise,1,Êtes-vous familier avec le RGPD ?,"Tout à fait, je suis familier avec le RGPD. J'ai une connaissance approfondie des principes fondamentaux et des droits qu'il introduit",4,Data Protection Officer,,,
expertise,1,Êtes-vous familier avec le RGPD ?,"Oui, je suis assez familier avec le RGPD. Je sais qu'il a été conçu pour renforcer et unifier la protection des données au sein de l'Union Européenne.",3,Data Protection Officer,,,
expertise,1,Êtes-vous familier avec le RGPD ?,"J'en ai déjà entendu parler, je sais qu'il s'agit d'une réglementation Européenne sur la protection des données",2,Data Protection Officer,,,
expertise,1,Êtes-vous familier avec le RGPD ?,Le RGPD ? J'en ai vaguement entendu parler ou j'ai déja vu ces acronymes quelque part sans savoir ce que cela signifie ou implique.,1,Data Protection Officer,,,
expertise,2,Pouvez-vous organiser des formations sur la protection des données pour le personnel de votre organisation ?,"Oui, je suis tout à fait capable d'organiser et de dispenser des formations sur la protection des données pour le personnel de mon  organisation",4,Data Protection Officer,,,
expertise,2,Pouvez-vous organiser des formations sur la protection des données pour le personnel de votre organisation ?,"Oui, je peux organiser des formations sur la protection des données après m'être documenté sur les aspect les plus récents ou complexes de la réglementation",3,Data Protection Officer,,,
expertise,2,Pouvez-vous organiser des formations sur la protection des données pour le personnel de votre organisation ?,"Pas vraiment, je serais capable de couvrir les bases mais réaliser une formation s’avérerait être un défi pour moi.",2,Data Protection Officer,,,
expertise,2,Pouvez-vous organiser des formations sur la protection des données pour le personnel de votre organisation ?,"Non, je ne me sens pas capable d'organiser des formations sur la protection des données pour le personnel. Mon niveau de connaissance sur  le sujet est limité",1,Data Protection Officer,,,
expertise,3,"Disposez-vous des compétences pour établir une communication efficace avec différents départements au sein de l'organisation, tels que les équipes informatiques et juridiques ?","Oui, je dispose d'une expérience et de compétences avancées pluridisciplinaire me permettant de comprendre, formuler un besoin et interagir avec les équipes juridiques et informatique.",4,Data Protection Officer,,,
expertise,3,"Disposez-vous des compétences pour établir une communication efficace avec différents départements au sein de l'organisation, tels que les équipes informatiques et juridiques ?","Plutôt, je ne possède pas des compétences pluridisciplinaires complètes et suffisante à une interaction",3,Data Protection Officer,,,
expertise,3,"Disposez-vous des compétences pour établir une communication efficace avec différents départements au sein de l'organisation, tels que les équipes informatiques et juridiques ?",Je possède une compréhension de base des principes informatiques et juridiques cependant pas assez suffisant à une interaction avec les services,2,Data Protection Officer,,,
expertise,3,"Disposez-vous des compétences pour établir une communication efficace avec différents départements au sein de l'organisation, tels que les équipes informatiques et juridiques ?","Non, je n'ai pas les compétences nécessaires pour établir une communication avec différents  départements comme les équipes informatiques et juridiques.",1,Data Protection Officer,,,
mastery,1,Savez-vous faire une analyse d’impact relative à la protection des données ?,Je suis parfaitement capable de réaliser une analyse d'impact en autonomie ou en coopération en fonction du projet.,4,Data Protection Officer,,,
mastery,1,Savez-vous faire une analyse d’impact relative à la protection des données ?,"Oui, j'ai de l'expérience dans la réalisation d'analyses d'impact. Je comprends l'importance de cette démarche pour identifier les effets potentiels d'une action ou d'un projet.",3,Data Protection Officer,,,
mastery,1,Savez-vous faire une analyse d’impact relative à la protection des données ?,Je possède une compréhension de base sur ce qu'est une analyse d'impact. Je sais que c'est important pour évaluer l'implication d'un projet mais je n'ai pas les compétences pour en faire.,2,Data Protection Officer,,,
mastery,1,Savez-vous faire une analyse d’impact relative à la protection des données ?,"Non, je ne suis pas certain ce que signifie ou à quoi correspond une analyse d'impact",1,Data Protection Officer,,,
mastery,2,Avez-vous une expérience d’interaction avec les autorités de protection des données liées à des questions de conformité ou de protection des données ?,"Oui, j'ai une expérience approfondie d'interaction avec les autorités de protection des données. Dans mon rôle, j'ai régulièrement géré des communications et des consultations avec ces autorités pour garantir la  conformité de nos pratiques de traitement de données avec le RGPD",4,Data Protection Officer,,,
mastery,2,Avez-vous une expérience d’interaction avec les autorités de protection des données liées à des questions de conformité ou de protection des données ?,"Un peu, dans le cadre de mon emploi j'ai déjà participé à des formations dispensés ou je suis ponctuellement rentré en contact avec l'autorité",3,Data Protection Officer,,,
mastery,2,Avez-vous une expérience d’interaction avec les autorités de protection des données liées à des questions de conformité ou de protection des données ?,Mon expérience d'interaction avec les autorités de protection des données pour des questions de conformité est limitée. J'ai assisté à  quelques séances d'information,2,Data Protection Officer,,,
mastery,2,Avez-vous une expérience d’interaction avec les autorités de protection des données liées à des questions de conformité ou de protection des données ?,"Non, je n'ai pas d'expérience d'interaction directe avec les autorités de protection des données",1,Data Protection Officer,,,
mastery,3,Seriez-vous capable de réaliser un audit RGPD en collaboration ou tout seul ?,"Facile, j'ai déjà réalisé des audit RGPD et je suis en mesure d'en réaliser d'autres",4,Data Protection Officer,,,
mastery,3,Seriez-vous capable de réaliser un audit RGPD en collaboration ou tout seul ?,Je n'ai jamais réalisé d'audit RGPD mais je pense posséder les compétences et connaissances nécessaire à sa réalisation.,3,Data Protection Officer,,,
mastery,3,Seriez-vous capable de réaliser un audit RGPD en collaboration ou tout seul ?,"Ma capacité à réaliser un audit RGPD est limitée, j'ai une compréhension de base et je suis en mesure d'aider à réaliser les tâches préliminaires.",2,Data Protection Officer,,,
mastery,3,Seriez-vous capable de réaliser un audit RGPD en collaboration ou tout seul ?,"Non, je ne serais pas capable de réaliser un audit RGPD par moi-même à ce stade.",1,Data Protection Officer,,,
screening,1,"Selon-vous, qu'est-ce que l'analyse de données ?",Il s'agit de créer des indicateurs à partir de données brutes pour ensuite pouvoir leur donner du sens dans un contexte donné.,4,Data Analyst,,,
screening,1,"Selon-vous, qu'est-ce que l'analyse de données ?",Il s'agit du processus de collecte de données à partir de diverses sources et de les stocker dans une base de données pour une utilisation antérieure.,3,Data Analyst,,,
screening,1,"Selon-vous, qu'est-ce que l'analyse de données ?",Il s'agit de la manipulation de données pour leur donner une apparence plus attrayante. C'est une tâche  de présentation visuelle pour rendre les données plus faciles à comprendre pour les parties prenantes.,2,Data Analyst,,,
screening,1,"Selon-vous, qu'est-ce que l'analyse de données ?",Il s'agit tout simplement de parcourir rapidement les ensembles de données à la recherche de résultats prévisibles.,1,Data Analyst,,,
screening,2,Quel est votre niveau d'expertise en statistiques ?,"J'ai une solide compréhension des principes statistiques, notamment en probabilité, en théorie des échantillonnages et en modélisation statistique. J'ai utilisé des techniques telles que la régression, l'analyse de variance, les tests d'hypothèses et la modélisation prédictive dans mes projets pour analyser des données, identifier des tendances et développer des modèles prédictifs.",4,Data Analyst,,,
screening,2,Quel est votre niveau d'expertise en statistiques ?,"Je suis à l'aise avec les concepts statistiques de base, tels que la moyenne, la médiane, l'écart-type et la distribution normale. J'ai utilisé des méthodes statistiques simples dans mes analyses de données.",3,Data Analyst,,,
screening,2,Quel est votre niveau d'expertise en statistiques ?,J'ai une connaissance limitée des statistiques et je n'ai pas utilisé de méthodes statistiques avancées dans mes projets.,2,Data Analyst,,,
screening,2,Quel est votre niveau d'expertise en statistiques ?,Je n'ai pas de compétences avancées en statistiques.,1,Data Analyst,,,
expertise,1,Savez vous utiliser SQL pour interroger des bases de données ?,"Absolument, je suis un véritable virtuose de SQL pour interroger des bases de données. J'ai écrit des requêtes SQL complexes pour extraire des données pertinentes, effectuer des analyses et générer des rapports.",4,Data Analyst,,,
expertise,1,Savez vous utiliser SQL pour interroger des bases de données ?,"Oui, je peux jongler avec du SQL, mais je cherche toujours à ajouter de nouveaux tours à mon répertoire. J'ai déjà écrit des requêtes simples pour récupérer des données spécifiques à partir de bases de données.",3,Data Analyst,,,
expertise,1,Savez vous utiliser SQL pour interroger des bases de données ?,"J'ai quelques astuces dans ma poche pour utiliser SQL, mais je suis toujours en train de me perfectionner",2,Data Analyst,,,
expertise,1,Savez vous utiliser SQL pour interroger des bases de données ?,"Non, je n'ai pas encore acquis les compétences nécéssaires",1,Data Analyst,,,
expertise,2,Pouvez-vous optimiser des drop tables facts et champs d’un datamart pour améliorer les performances de la base de données ?,"Oui, je peux optimiser des drop tables, facts et un champs d'un datamart. J'ai travaillé sur des projets où j'ai identifié et mis en œuvre des stratégies pour améliorer les performances en ajustant l'indexation, en partitionnant les tables et en optimisant les requêtes SQL.",4,Data Analyst,,,
expertise,2,Pouvez-vous optimiser des drop tables facts et champs d’un datamart pour améliorer les performances de la base de données ?,"Oui, j'ai des connaissances de base en optimisation des bases de données. J'ai une compréhension des concepts fondamentaux de l'optimisation des performances, y compris l'optimisation des tables et des champs.",3,Data Analyst,,,
expertise,2,Pouvez-vous optimiser des drop tables facts et champs d’un datamart pour améliorer les performances de la base de données ?,J'ai quelques notions mais je peux m'améliorer,2,Data Analyst,,,
expertise,2,Pouvez-vous optimiser des drop tables facts et champs d’un datamart pour améliorer les performances de la base de données ?,"Non, je n'ai aucune expérience dans l'optimisation des bases de données.",1,Data Analyst,,,
mastery,1,Pouvez-vous créer des rapports et utiliser le storytelling pour communiquer vos résultats d’analyse ?,"Oui, j'ai une expérience significative dans la création de rapports analytiques qui intègrent des données pertinentes et captivantes, tout en utilisant le storytelling pour contextualiser et donner du sens aux résultats obtenus.",4,Data Analyst,,,
mastery,1,Pouvez-vous créer des rapports et utiliser le storytelling pour communiquer vos résultats d’analyse ?,"Oui, je suis capable de créer des rapports clairs et visuellement attrayants, en utilisant des techniques de storytelling pour rendre les données plus accessibles et engageantes pour les parties prenantes.",3,Data Analyst,,,
mastery,1,Pouvez-vous créer des rapports et utiliser le storytelling pour communiquer vos résultats d’analyse ?,Je suis en mesure de créer des rapports basés sur mes analyses.,2,Data Analyst,,,
mastery,1,Pouvez-vous créer des rapports et utiliser le storytelling pour communiquer vos résultats d’analyse ?,Je n'ai pas beaucoup d'expérience dans la création de rapports ou l'utilisation du storytelling.,1,Data Analyst,,,
mastery,2,Avez-vous la capacité de comprendre et d’analyser des problèmes d’affaires à partir de données ?,"Oui, j'ai une solide expérience dans l'analyse des données et j'ai démontré ma capacité à comprendre et à résoudre des problèmes d'affaires en utilisant des méthodes analytiques et des outils statistiques. Je suis capable d'identifier des tendances, des corrélations et des insights significatifs à partir des données pour aider à prendre des décisions stratégiques.",4,Data Analyst,,,
mastery,2,Avez-vous la capacité de comprendre et d’analyser des problèmes d’affaires à partir de données ?,"Oui, je suis à l'aise pour comprendre les problèmes d'affaires et j'ai les compétences nécessaires pour analyser les données pertinentes afin d'identifier des solutions efficaces.",3,Data Analyst,,,
mastery,2,Avez-vous la capacité de comprendre et d’analyser des problèmes d’affaires à partir de données ?,"Je suis capable de comprendre et d'analyser des problèmes d'affaires à partir de données, bien que je puisse encore améliorer mes compétences analytiques.",2,Data Analyst,,,
mastery,2,Avez-vous la capacité de comprendre et d’analyser des problèmes d’affaires à partir de données ?,"Non, je n'ai pas encore acquis les compétences nécessaires",1,Data Analyst,,,
mastery,3,Connaissez-vous des outils de gestion de Big Data comme Hadoop ou Spark ?,"Absolument, je suis un expert des deux outils. J'ai une solide expérience avec des outils de gestion de Big Data tels que Hadoop et Spark. J'ai travaillé sur des projets où j'ai utilisé ces technologies pour traiter, stocker et analyser de grandes quantités de données de manière efficace. J'ai une compréhension approfondie de leur architecture et de leur fonctionnement, ce qui m'a permis d'optimiser les performances et de résoudre des problèmes complexes liés au Big Data.",4,Data Analyst,,,
mastery,3,Connaissez-vous des outils de gestion de Big Data comme Hadoop ou Spark ?,"Oui, j'ai une certaine expérience avec des outils de gestion de Big Data comme Hadoop et Spark. J'ai eu l'occasion de les utiliser dans le cadre de projets académiques ou professionnels.",3,Data Analyst,,,
mastery,3,Connaissez-vous des outils de gestion de Big Data comme Hadoop ou Spark ?,"Je suis conscient de l'existence d'outils de gestion de Big Data tels que Hadoop et Spark, mais je n'ai pas encore eu l'occasion de les utiliser dans un contexte professionnel ou académique.",2,Data Analyst,,,
mastery,3,Connaissez-vous des outils de gestion de Big Data comme Hadoop ou Spark ?,"Non, je n'ai pas encore entendu parler d'outils de gestion de Big Data comme Hadoop ou Spark.",1,Data Analyst,,,
mastery,4,Avez-vous de l’expérience avec les processus ETL pour intégrer et transformer des données de multiples sources ?,"Oui, j'ai une solide expérience en processus ETL, ayant conçu, développé et mis en œuvre des pipelines pour extraire, nettoyer, transformer et charger des données provenant de multiples sources. Mon expertise garantit des processus efficaces et une qualité de données optimale pour les analyses.",4,Data Analyst,,,
mastery,4,Avez-vous de l’expérience avec les processus ETL pour intégrer et transformer des données de multiples sources ?,"Oui, j'ai une certaine expérience avec les processus ETL pour intégrer et transformer des données de multiples sources. J'ai eu l'occasion de travailler sur des projets où j'ai contribué à la mise en place de pipelines ETL, bien que je puisse encore développer mes compétences dans ce domaine.",3,Data Analyst,,,
mastery,4,Avez-vous de l’expérience avec les processus ETL pour intégrer et transformer des données de multiples sources ?,"J'ai des bases dans les processus ETL, mais je peux encore progresser dans l'intégration et la transformation des données",2,Data Analyst,,,
mastery,4,Avez-vous de l’expérience avec les processus ETL pour intégrer et transformer des données de multiples sources ?,"Non, je n'ai pas encore exploré les processus ETL pour intégrer et transformer des données de multiples sources.",1,Data Analyst,,,
mastery,5,"Êtes-vous capable de gérer un projet d'analyse de données du début à la fin, en incluant la planification,  l'exécution et la livraison ?","Oui, j'ai une expérience solide dans la gestion de projets d'analyse de données. J'ai dirigé plusieurs projets où j'ai été responsable de la planification des tâches, de l'allocation des ressources, de la coordination des équipes et de la communication avec les parties prenantes. J'ai veillé à ce que les projets soient livrés dans les délais et avec les résultats attendus, en suivant les meilleures pratiques de gestion de projet.",4,Data Analyst,,,
mastery,5,"Êtes-vous capable de gérer un projet d'analyse de données du début à la fin, en incluant la planification,  l'exécution et la livraison ?","Oui, j'ai déjà eu l'occasion de gérer des projets d'analyse de données, bien que mon expérience puisse être plus limitée par rapport à certains autres aspects de mon travail. J'ai été impliqué dans la planification, l'exécution et la livraison de projets, mais je suis toujours en train d'apprendre et de perfectionner mes compétences dans le domaine.",3,Data Analyst,,,
mastery,5,"Êtes-vous capable de gérer un projet d'analyse de données du début à la fin, en incluant la planification,  l'exécution et la livraison ?","Je suis confiant dans ma capacité à gérer un projet d'analyse de données, mais je n'ai pas encore eu l'occasion de le faire dans un contexte professionnel.",2,Data Analyst,,,
mastery,5,"Êtes-vous capable de gérer un projet d'analyse de données du début à la fin, en incluant la planification,  l'exécution et la livraison ?","Non, je n'ai pas encore eu l'occasion de gérer un projet d'analyse de données du début à la fin.",1,Data Analyst,,,
screening,1,Dans quelle mesure maîtrisez-vous plusieurs langages de programmation ?,"Oui, je maîtrise plusieurs langages de programmation, notamment Python, R et SQL. J'ai utilisé ces langages dans divers projets de data science pour manipuler, analyser et visualiser des données, ainsi que pour développer des modèles prédictifs et des algorithmes d'apprentissage automatique.",4,Data Scientist,,,
screening,1,Dans quelle mesure maîtrisez-vous plusieurs langages de programmation ?,"Je suis à l'aise avec au moins un langage de programmation adapté à la data science, comme Python ou R. J'ai utilisé ce langage pour effectuer des analyses statistiques, créer des visualisations de données et développer des modèles prédictifs.",3,Data Scientist,,,
screening,1,Dans quelle mesure maîtrisez-vous plusieurs langages de programmation ?,J'ai des connaissances de base en programmation et j'ai déjà utilisé un langage tel que Python ou R pour réaliser des tâches simples en data science.,2,Data Scientist,,,
screening,1,Dans quelle mesure maîtrisez-vous plusieurs langages de programmation ?,Je n'ai pas encore de compétences en programmation,1,Data Scientist,,,
screening,2,Savez-vous créer un modèle mathématique à partir de données brutes ?,"Oui, je suis capable de modéliser et prédire un phénomène à partir de données en utilisant des techniques telles que la régression, les arbres de décision, les réseaux neuronaux, ou d'autres méthodes d'apprentissage automatique et d'analyse statistique.",4,Data Scientist,,,
screening,2,Savez-vous créer un modèle mathématique à partir de données brutes ?,"Oui, j'ai une expérience pratique dans la modélisation et la prédiction de phénomènes à partir de données.",3,Data Scientist,,,
screening,2,Savez-vous créer un modèle mathématique à partir de données brutes ?,"Je n'ai pas une vaste expérience dans la modélisation et la prédiction de phénomènes à partir de données, mais je suis familier avec les concepts et les méthodes utilisées dans ce domaine.",2,Data Scientist,,,
screening,2,Savez-vous créer un modèle mathématique à partir de données brutes ?,"Non, je n'ai pas beaucoup d'expérience dans la modélisation ou la prédiction de phénomènes à partir de données.",1,Data Scientist,,,
expertise,1,Sauriez-vous manipuler des bases de données dans le cadre d’un projet data science ?,"Oui, j'ai une expérience pratique dans la manipulation de bases de données dans des projets de data science. J'ai utilisé SQL et des outils comme Pandas pour extraire, nettoyer, transformer et interroger des données.",4,Data Scientist,,,
expertise,1,Sauriez-vous manipuler des bases de données dans le cadre d’un projet data science ?,"Oui, j'ai des connaissances de base en manipulation de bases de données. J'ai utilisé SQL et des outils comme Excel pour des opérations simples.",3,Data Scientist,,,
expertise,1,Sauriez-vous manipuler des bases de données dans le cadre d’un projet data science ?,Je n'ai pas d'expérience pratique dans la manipulation de bases de données,2,Data Scientist,,,
expertise,1,Sauriez-vous manipuler des bases de données dans le cadre d’un projet data science ?,"Non, je n'ai aucune connaissance dans la manipulation des bases de données.",1,Data Scientist,,,
expertise,2,Suivez-vous une méthodologie de projet ?,"Oui, je suis familier avec différentes méthodologies de projet telles que Agile, Scrum et Waterfall. J'ai une expérience pratique de l'application de ces méthodologies dans des projets précédents, en adaptant l'approche en fonction des besoins spécifiques du projet et de l'équipe.",4,Data Scientist,,,
expertise,2,Suivez-vous une méthodologie de projet ?,"Oui, j'ai une certaine expérience dans l'utilisation de méthodologies de projet telles que Agile ou Waterfall. Bien que je puisse ne pas être expert, j'ai une compréhension des principes de base de ces méthodologies.",3,Data Scientist,,,
expertise,2,Suivez-vous une méthodologie de projet ?,Je n'ai pas une expérience pratique dans l'application de méthodologies de projet formelles,2,Data Scientist,,,
expertise,2,Suivez-vous une méthodologie de projet ?,"Non, je n'ai pas suivi de méthodologie de projet spécifique jusqu'à présent",1,Data Scientist,,,
expertise,3,Utilisez vous régulièrement des outils/frameworks de développement ?,"Oui, j'utilise régulièrement des outils et frameworks de développement tels que Python, R, SQL, et des bibliothèques comme Pandas, NumPy, Scikit-learn pour l'analyse de données et le machine learning.",4,Data Scientist,,,
expertise,3,Utilisez vous régulièrement des outils/frameworks de développement ?,"Oui, j'ai une certaine expérience dans l'utilisation d'outils de développement tels que Python ou R pour l'analyse de données. ",3,Data Scientist,,,
expertise,3,Utilisez vous régulièrement des outils/frameworks de développement ?,"Je n'utilise pas régulièrement des outils ou frameworks de développement, mais j'ai une compréhension de base de certains langages comme Python ou R. ",2,Data Scientist,,,
expertise,3,Utilisez vous régulièrement des outils/frameworks de développement ?,"Non, je n'ai pas beaucoup d'expérience dans l'utilisation d'outils ou frameworks de développement.",1,Data Scientist,,,
mastery,1,La notion de Machine Leaning n'a aucun secret pour vous ?,"Oui, je suis à l'aise avec la notion de ML. J'ai une bonne compréhension des concept de base et j'ai une bonne comprehension des concepts de base et j'ai déjà utilisé des bibliothèques de ML telles que TensorFlow ou PyTorch pour développer des modèles prédictifs ou analyser des données complexes.",4,Data Scientist,,,
mastery,1,La notion de Machine Leaning n'a aucun secret pour vous ?,"Oui, je suis très familier.ère avec cette notion. Je comprends les principes fondamentaux ainsi que les différents types d'algorithmes de Machine Learning. J'ai une expérience pratique dans l'application des différentes techniques pour résoudre des problèmes de classification ou de clustering.",3,Data Scientist,,,
mastery,1,La notion de Machine Leaning n'a aucun secret pour vous ?,"Je suis familier.ère avec cette notion, mais je n'ai peut-être pas une compréhension approfondie de tous ses aspects.",2,Data Scientist,,,
mastery,1,La notion de Machine Leaning n'a aucun secret pour vous ?,"Non, j'en ai peut-être déjà entendu parler mais je ne suis pas familier.ère avec la notion.",1,Data Scientist,,,
mastery,2,"Savez-vous créer un prototype de programme (requête et transformation de données en visualisation, en page web, etc.) ?","Oui, je suis capable de créer un prototype de programme pour la requête et la transformation de données en visualisation ou en page web. J'ai une solide expérience dans l'utilisation de langages de programmation tels que Python ou R, ainsi que dans l'utilisation de bibliothèques spécialisées comme pandas, NumPy, matplotlib, seaborn pour la manipulation et la visualisation des données.",4,Data Scientist,,,
mastery,2,"Savez-vous créer un prototype de programme (requête et transformation de données en visualisation, en page web, etc.) ?","Oui, je suis capable de créer un prototype de programme pour la requête et la transformation de données en visualisation ou en page web. J'ai une expérience pratique dans le développement de scripts et de pipelines de traitement de données. Je peux également utiliser des langages de programmation tels que JavaScript ou HTML pour les interfaces utilisateurs.",3,Data Scientist,,,
mastery,2,"Savez-vous créer un prototype de programme (requête et transformation de données en visualisation, en page web, etc.) ?",Je pourrais créer un prototype mais je pourrais avoir besoin de certaines ressources ou orientations supplémentaires pour le faire efficacement.,2,Data Scientist,,,
mastery,2,"Savez-vous créer un prototype de programme (requête et transformation de données en visualisation, en page web, etc.) ?","Non, je ne sais pas créer un prototype de programme.",1,Data Scientist,,,
mastery,3,"Avez-vous de l’expérience dans la manipulation de données, y compris la réalisation de jointures entre ensembles de données ainsi que l’utilisation de bases de données relationnelles (SQL) ou de bases de données NoSQL ?","Oui, j'ai une expérience significative dans la manipulation de données, y compris la réalisation de jointures entre ensembles de données et l'utilisation de bases de données SQL et NoSQL.",4,Data Scientist,,,
mastery,3,"Avez-vous de l’expérience dans la manipulation de données, y compris la réalisation de jointures entre ensembles de données ainsi que l’utilisation de bases de données relationnelles (SQL) ou de bases de données NoSQL ?",J'ai une certaine expérience dans la manipulation des données et la réalisation de jointures.,3,Data Scientist,,,
mastery,3,"Avez-vous de l’expérience dans la manipulation de données, y compris la réalisation de jointures entre ensembles de données ainsi que l’utilisation de bases de données relationnelles (SQL) ou de bases de données NoSQL ?",J'ai une compréhension théorique mais peu d'expérience pratique dans le domaine.,2,Data Scientist,,,
mastery,3,"Avez-vous de l’expérience dans la manipulation de données, y compris la réalisation de jointures entre ensembles de données ainsi que l’utilisation de bases de données relationnelles (SQL) ou de bases de données NoSQL ?","Non, je n'ai pas d'expérience dans la manipulation de données.",1,Data Scientist,,,
mastery,4,Savez-vous visualiser une API et requêter des données de manière ponctuelle et régulière ?,"Oui, je suis capable de visualiser une API et de requêter des données de manière ponctuelle et régulière. J'ai une solide expérience dans l'utilisation d'outils et de bibliothèques pour interagir avec des API RESTful et récupérer les données nécessaires à mes analyses.",4,Data Scientist,,,
mastery,4,Savez-vous visualiser une API et requêter des données de manière ponctuelle et régulière ?,"Oui, j'ai déjà visualisé des API et effectué des requêtes de données à la fois de manière ponctuelle et régulière. J'ai utilisé des outils tels que Postman ou des bibliothèques comme requests en Python pour interagir avec différentes API et récupérer les données requises pour mes projets.",3,Data Scientist,,,
mastery,4,Savez-vous visualiser une API et requêter des données de manière ponctuelle et régulière ?,"Je suis familier avec la visualisation d'une API et la requête de données, bien que je puisse avoir besoin de rafraîchir mes connaissances sur certains outils spécifiques.",2,Data Scientist,,,
mastery,4,Savez-vous visualiser une API et requêter des données de manière ponctuelle et régulière ?,Je n'ai pas beaucoup d'expérience dans la visualisation d'une API et la requête de données,1,Data Scientist,,,
mastery,5,Avez-vous de l’expérience dans le déploiement de modèles de Machine learning avec des environments de production ?,"Oui, j'ai une expérience significative dans le déploiement de modèles de ML dans des environnements de production, en assurant leur intégration et maintien.",4,Data Scientist,,,
mastery,5,Avez-vous de l’expérience dans le déploiement de modèles de Machine learning avec des environments de production ?,"Oui, mais j'ai une expérience limitée dans le déploiement de modèles de ML dans des environnements de production.",3,Data Scientist,,,
mastery,5,Avez-vous de l’expérience dans le déploiement de modèles de Machine learning avec des environments de production ?,Je n'ai pas directement d'expérience dans le déploiement de modèles de ML en production.,2,Data Scientist,,,
mastery,5,Avez-vous de l’expérience dans le déploiement de modèles de Machine learning avec des environments de production ?,"Non, je n'ai aucune expérience dans ce domaine.",1,Data Scientist,,,